cirID,s_topic,s_temporal,s_author
0,0.8000009363023132,1.0,
1,0.5999987515948862,0.0,
