cirID,s_topic,s_temporal,s_author
0,0.4423258684646914,0.0,
1,0.0,0.30105945594055467,
2,0.0,0.6139817903936121,
3,0.14744195615489714,0.670291273658617,
4,0.4423258684646914,0.0,
5,0.4423258684646914,0.0,
6,0.4423258684646914,0.0,
7,0.4423258684646914,0.0,
8,0.0,0.2882692725750366,
