cirID,s_topic,s_temporal,s_author
0,0.7071067811865476,,
1,0.7071067811865476,,
